source_time_utc,frequency_hz,captured_utc,source,status
2026-06-11T21:05:04Z,50.127,2026-06-11T21:05:04Z,Elexon,ok
2026-06-11T22:55:41Z,50.127,2026-06-11T22:55:41Z,Elexon,ok
2026-06-12T00:19:54Z,50.007,2026-06-12T00:19:54Z,Elexon,ok
2026-06-12T05:11:10Z,50.007,2026-06-12T05:11:10Z,Elexon,ok
2026-06-12T09:13:41Z,50.007,2026-06-12T09:13:41Z,Elexon,ok
2026-06-12T12:34:04Z,50.007,2026-06-12T12:34:04Z,Elexon,ok
2026-06-12T15:51:39Z,50.007,2026-06-12T15:51:39Z,Elexon,ok
2026-06-12T17:57:53Z,50.007,2026-06-12T17:57:53Z,Elexon,ok
2026-06-12T20:19:41Z,50.007,2026-06-12T20:19:41Z,Elexon,ok
